<application>
  <component name="ProjectJdkTable">
    <jdk version="2">
      <name value="11" />
      <type value="JavaSDK" />
      <version value="AdoptOpenJDK (HostSpot) version 11.0.11" />
      <homePath value="$USER_HOME$/.sdkman/candidates/java/11.0.11.hs-adpt" />
      <roots>
        <annotationsPath>
          <root type="composite">
            <root url="jar://$APPLICATION_HOME_DIR$/plugins/java/lib/jdkAnnotations.jar!/" type="simple" />
          </root>
        </annotationsPath>
        <classPath>
          <root type="composite">
            <root url="jrt:///Users/do/.sdkman/candidates/java/11.0.11.hs-adpt!/java.base" type="simple" />
            <root url="jrt:///Users/do/.sdkman/candidates/java/11.0.11.hs-adpt!/java.compiler" type="simple" />
            <root url="jrt:///Users/do/.sdkman/candidates/java/11.0.11.hs-adpt!/java.datatransfer" type="simple" />
            <root url="jrt:///Users/do/.sdkman/candidates/java/11.0.11.hs-adpt!/java.desktop" type="simple" />
            <root url="jrt:///Users/do/.sdkman/candidates/java/11.0.11.hs-adpt!/java.instrument" type="simple" />
            <root url="jrt:///Users/do/.sdkman/candidates/java/11.0.11.hs-adpt!/java.logging" type="simple" />
            <root url="jrt:///Users/do/.sdkman/candidates/java/11.0.11.hs-adpt!/java.management" type="simple" />
            <root url="jrt:///Users/do/.sdkman/candidates/java/11.0.11.hs-adpt!/java.management.rmi" type="simple" />
            <root url="jrt:///Users/do/.sdkman/candidates/java/11.0.11.hs-adpt!/java.naming" type="simple" />
            <root url="jrt:///Users/do/.sdkman/candidates/java/11.0.11.hs-adpt!/java.net.http" type="simple" />
            <root url="jrt:///Users/do/.sdkman/candidates/java/11.0.11.hs-adpt!/java.prefs" type="simple" />
            <root url="jrt:///Users/do/.sdkman/candidates/java/11.0.11.hs-adpt!/java.rmi" type="simple" />
            <root url="jrt:///Users/do/.sdkman/candidates/java/11.0.11.hs-adpt!/java.scripting" type="simple" />
            <root url="jrt:///Users/do/.sdkman/candidates/java/11.0.11.hs-adpt!/java.se" type="simple" />
            <root url="jrt:///Users/do/.sdkman/candidates/java/11.0.11.hs-adpt!/java.security.jgss" type="simple" />
            <root url="jrt:///Users/do/.sdkman/candidates/java/11.0.11.hs-adpt!/java.security.sasl" type="simple" />
            <root url="jrt:///Users/do/.sdkman/candidates/java/11.0.11.hs-adpt!/java.smartcardio" type="simple" />
            <root url="jrt:///Users/do/.sdkman/candidates/java/11.0.11.hs-adpt!/java.sql" type="simple" />
            <root url="jrt:///Users/do/.sdkman/candidates/java/11.0.11.hs-adpt!/java.sql.rowset" type="simple" />
            <root url="jrt:///Users/do/.sdkman/candidates/java/11.0.11.hs-adpt!/java.transaction.xa" type="simple" />
            <root url="jrt:///Users/do/.sdkman/candidates/java/11.0.11.hs-adpt!/java.xml" type="simple" />
            <root url="jrt:///Users/do/.sdkman/candidates/java/11.0.11.hs-adpt!/java.xml.crypto" type="simple" />
            <root url="jrt:///Users/do/.sdkman/candidates/java/11.0.11.hs-adpt!/jdk.accessibility" type="simple" />
            <root url="jrt:///Users/do/.sdkman/candidates/java/11.0.11.hs-adpt!/jdk.aot" type="simple" />
            <root url="jrt:///Users/do/.sdkman/candidates/java/11.0.11.hs-adpt!/jdk.attach" type="simple" />
            <root url="jrt:///Users/do/.sdkman/candidates/java/11.0.11.hs-adpt!/jdk.charsets" type="simple" />
            <root url="jrt:///Users/do/.sdkman/candidates/java/11.0.11.hs-adpt!/jdk.compiler" type="simple" />
            <root url="jrt:///Users/do/.sdkman/candidates/java/11.0.11.hs-adpt!/jdk.crypto.cryptoki" type="simple" />
            <root url="jrt:///Users/do/.sdkman/candidates/java/11.0.11.hs-adpt!/jdk.crypto.ec" type="simple" />
            <root url="jrt:///Users/do/.sdkman/candidates/java/11.0.11.hs-adpt!/jdk.dynalink" type="simple" />
            <root url="jrt:///Users/do/.sdkman/candidates/java/11.0.11.hs-adpt!/jdk.editpad" type="simple" />
            <root url="jrt:///Users/do/.sdkman/candidates/java/11.0.11.hs-adpt!/jdk.hotspot.agent" type="simple" />
            <root url="jrt:///Users/do/.sdkman/candidates/java/11.0.11.hs-adpt!/jdk.httpserver" type="simple" />
            <root url="jrt:///Users/do/.sdkman/candidates/java/11.0.11.hs-adpt!/jdk.internal.ed" type="simple" />
            <root url="jrt:///Users/do/.sdkman/candidates/java/11.0.11.hs-adpt!/jdk.internal.jvmstat" type="simple" />
            <root url="jrt:///Users/do/.sdkman/candidates/java/11.0.11.hs-adpt!/jdk.internal.le" type="simple" />
            <root url="jrt:///Users/do/.sdkman/candidates/java/11.0.11.hs-adpt!/jdk.internal.opt" type="simple" />
            <root url="jrt:///Users/do/.sdkman/candidates/java/11.0.11.hs-adpt!/jdk.internal.vm.ci" type="simple" />
            <root url="jrt:///Users/do/.sdkman/candidates/java/11.0.11.hs-adpt!/jdk.internal.vm.compiler" type="simple" />
            <root url="jrt:///Users/do/.sdkman/candidates/java/11.0.11.hs-adpt!/jdk.internal.vm.compiler.management" type="simple" />
            <root url="jrt:///Users/do/.sdkman/candidates/java/11.0.11.hs-adpt!/jdk.jartool" type="simple" />
            <root url="jrt:///Users/do/.sdkman/candidates/java/11.0.11.hs-adpt!/jdk.javadoc" type="simple" />
            <root url="jrt:///Users/do/.sdkman/candidates/java/11.0.11.hs-adpt!/jdk.jcmd" type="simple" />
            <root url="jrt:///Users/do/.sdkman/candidates/java/11.0.11.hs-adpt!/jdk.jconsole" type="simple" />
            <root url="jrt:///Users/do/.sdkman/candidates/java/11.0.11.hs-adpt!/jdk.jdeps" type="simple" />
            <root url="jrt:///Users/do/.sdkman/candidates/java/11.0.11.hs-adpt!/jdk.jdi" type="simple" />
            <root url="jrt:///Users/do/.sdkman/candidates/java/11.0.11.hs-adpt!/jdk.jdwp.agent" type="simple" />
            <root url="jrt:///Users/do/.sdkman/candidates/java/11.0.11.hs-adpt!/jdk.jfr" type="simple" />
            <root url="jrt:///Users/do/.sdkman/candidates/java/11.0.11.hs-adpt!/jdk.jlink" type="simple" />
            <root url="jrt:///Users/do/.sdkman/candidates/java/11.0.11.hs-adpt!/jdk.jshell" type="simple" />
            <root url="jrt:///Users/do/.sdkman/candidates/java/11.0.11.hs-adpt!/jdk.jsobject" type="simple" />
            <root url="jrt:///Users/do/.sdkman/candidates/java/11.0.11.hs-adpt!/jdk.jstatd" type="simple" />
            <root url="jrt:///Users/do/.sdkman/candidates/java/11.0.11.hs-adpt!/jdk.localedata" type="simple" />
            <root url="jrt:///Users/do/.sdkman/candidates/java/11.0.11.hs-adpt!/jdk.management" type="simple" />
            <root url="jrt:///Users/do/.sdkman/candidates/java/11.0.11.hs-adpt!/jdk.management.agent" type="simple" />
            <root url="jrt:///Users/do/.sdkman/candidates/java/11.0.11.hs-adpt!/jdk.management.jfr" type="simple" />
            <root url="jrt:///Users/do/.sdkman/candidates/java/11.0.11.hs-adpt!/jdk.naming.dns" type="simple" />
            <root url="jrt:///Users/do/.sdkman/candidates/java/11.0.11.hs-adpt!/jdk.naming.ldap" type="simple" />
            <root url="jrt:///Users/do/.sdkman/candidates/java/11.0.11.hs-adpt!/jdk.naming.rmi" type="simple" />
            <root url="jrt:///Users/do/.sdkman/candidates/java/11.0.11.hs-adpt!/jdk.net" type="simple" />
            <root url="jrt:///Users/do/.sdkman/candidates/java/11.0.11.hs-adpt!/jdk.pack" type="simple" />
            <root url="jrt:///Users/do/.sdkman/candidates/java/11.0.11.hs-adpt!/jdk.rmic" type="simple" />
            <root url="jrt:///Users/do/.sdkman/candidates/java/11.0.11.hs-adpt!/jdk.scripting.nashorn" type="simple" />
            <root url="jrt:///Users/do/.sdkman/candidates/java/11.0.11.hs-adpt!/jdk.scripting.nashorn.shell" type="simple" />
            <root url="jrt:///Users/do/.sdkman/candidates/java/11.0.11.hs-adpt!/jdk.sctp" type="simple" />
            <root url="jrt:///Users/do/.sdkman/candidates/java/11.0.11.hs-adpt!/jdk.security.auth" type="simple" />
            <root url="jrt:///Users/do/.sdkman/candidates/java/11.0.11.hs-adpt!/jdk.security.jgss" type="simple" />
            <root url="jrt:///Users/do/.sdkman/candidates/java/11.0.11.hs-adpt!/jdk.unsupported" type="simple" />
            <root url="jrt:///Users/do/.sdkman/candidates/java/11.0.11.hs-adpt!/jdk.unsupported.desktop" type="simple" />
            <root url="jrt:///Users/do/.sdkman/candidates/java/11.0.11.hs-adpt!/jdk.xml.dom" type="simple" />
            <root url="jrt:///Users/do/.sdkman/candidates/java/11.0.11.hs-adpt!/jdk.zipfs" type="simple" />
          </root>
        </classPath>
        <javadocPath>
          <root type="composite" />
        </javadocPath>
        <sourcePath>
          <root type="composite">
            <root url="jar://$USER_HOME$/.sdkman/candidates/java/11.0.11.hs-adpt/lib/src.zip!/java.se" type="simple" />
            <root url="jar://$USER_HOME$/.sdkman/candidates/java/11.0.11.hs-adpt/lib/src.zip!/jdk.aot" type="simple" />
            <root url="jar://$USER_HOME$/.sdkman/candidates/java/11.0.11.hs-adpt/lib/src.zip!/jdk.jdi" type="simple" />
            <root url="jar://$USER_HOME$/.sdkman/candidates/java/11.0.11.hs-adpt/lib/src.zip!/jdk.jfr" type="simple" />
            <root url="jar://$USER_HOME$/.sdkman/candidates/java/11.0.11.hs-adpt/lib/src.zip!/jdk.net" type="simple" />
            <root url="jar://$USER_HOME$/.sdkman/candidates/java/11.0.11.hs-adpt/lib/src.zip!/java.rmi" type="simple" />
            <root url="jar://$USER_HOME$/.sdkman/candidates/java/11.0.11.hs-adpt/lib/src.zip!/java.sql" type="simple" />
            <root url="jar://$USER_HOME$/.sdkman/candidates/java/11.0.11.hs-adpt/lib/src.zip!/java.xml" type="simple" />
            <root url="jar://$USER_HOME$/.sdkman/candidates/java/11.0.11.hs-adpt/lib/src.zip!/jdk.jcmd" type="simple" />
            <root url="jar://$USER_HOME$/.sdkman/candidates/java/11.0.11.hs-adpt/lib/src.zip!/jdk.pack" type="simple" />
            <root url="jar://$USER_HOME$/.sdkman/candidates/java/11.0.11.hs-adpt/lib/src.zip!/jdk.rmic" type="simple" />
            <root url="jar://$USER_HOME$/.sdkman/candidates/java/11.0.11.hs-adpt/lib/src.zip!/jdk.sctp" type="simple" />
            <root url="jar://$USER_HOME$/.sdkman/candidates/java/11.0.11.hs-adpt/lib/src.zip!/java.base" type="simple" />
            <root url="jar://$USER_HOME$/.sdkman/candidates/java/11.0.11.hs-adpt/lib/src.zip!/jdk.jdeps" type="simple" />
            <root url="jar://$USER_HOME$/.sdkman/candidates/java/11.0.11.hs-adpt/lib/src.zip!/jdk.jlink" type="simple" />
            <root url="jar://$USER_HOME$/.sdkman/candidates/java/11.0.11.hs-adpt/lib/src.zip!/jdk.zipfs" type="simple" />
            <root url="jar://$USER_HOME$/.sdkman/candidates/java/11.0.11.hs-adpt/lib/src.zip!/java.prefs" type="simple" />
            <root url="jar://$USER_HOME$/.sdkman/candidates/java/11.0.11.hs-adpt/lib/src.zip!/jdk.attach" type="simple" />
            <root url="jar://$USER_HOME$/.sdkman/candidates/java/11.0.11.hs-adpt/lib/src.zip!/jdk.jshell" type="simple" />
            <root url="jar://$USER_HOME$/.sdkman/candidates/java/11.0.11.hs-adpt/lib/src.zip!/jdk.jstatd" type="simple" />
            <root url="jar://$USER_HOME$/.sdkman/candidates/java/11.0.11.hs-adpt/lib/src.zip!/java.naming" type="simple" />
            <root url="jar://$USER_HOME$/.sdkman/candidates/java/11.0.11.hs-adpt/lib/src.zip!/jdk.editpad" type="simple" />
            <root url="jar://$USER_HOME$/.sdkman/candidates/java/11.0.11.hs-adpt/lib/src.zip!/jdk.jartool" type="simple" />
            <root url="jar://$USER_HOME$/.sdkman/candidates/java/11.0.11.hs-adpt/lib/src.zip!/jdk.javadoc" type="simple" />
            <root url="jar://$USER_HOME$/.sdkman/candidates/java/11.0.11.hs-adpt/lib/src.zip!/jdk.xml.dom" type="simple" />
            <root url="jar://$USER_HOME$/.sdkman/candidates/java/11.0.11.hs-adpt/lib/src.zip!/java.desktop" type="simple" />
            <root url="jar://$USER_HOME$/.sdkman/candidates/java/11.0.11.hs-adpt/lib/src.zip!/java.logging" type="simple" />
            <root url="jar://$USER_HOME$/.sdkman/candidates/java/11.0.11.hs-adpt/lib/src.zip!/jdk.charsets" type="simple" />
            <root url="jar://$USER_HOME$/.sdkman/candidates/java/11.0.11.hs-adpt/lib/src.zip!/jdk.compiler" type="simple" />
            <root url="jar://$USER_HOME$/.sdkman/candidates/java/11.0.11.hs-adpt/lib/src.zip!/jdk.dynalink" type="simple" />
            <root url="jar://$USER_HOME$/.sdkman/candidates/java/11.0.11.hs-adpt/lib/src.zip!/jdk.jconsole" type="simple" />
            <root url="jar://$USER_HOME$/.sdkman/candidates/java/11.0.11.hs-adpt/lib/src.zip!/jdk.jsobject" type="simple" />
            <root url="jar://$USER_HOME$/.sdkman/candidates/java/11.0.11.hs-adpt/lib/src.zip!/java.compiler" type="simple" />
            <root url="jar://$USER_HOME$/.sdkman/candidates/java/11.0.11.hs-adpt/lib/src.zip!/java.net.http" type="simple" />
            <root url="jar://$USER_HOME$/.sdkman/candidates/java/11.0.11.hs-adpt/lib/src.zip!/jdk.crypto.ec" type="simple" />
            <root url="jar://$USER_HOME$/.sdkman/candidates/java/11.0.11.hs-adpt/lib/src.zip!/java.scripting" type="simple" />
            <root url="jar://$USER_HOME$/.sdkman/candidates/java/11.0.11.hs-adpt/lib/src.zip!/jdk.httpserver" type="simple" />
            <root url="jar://$USER_HOME$/.sdkman/candidates/java/11.0.11.hs-adpt/lib/src.zip!/jdk.jdwp.agent" type="simple" />
            <root url="jar://$USER_HOME$/.sdkman/candidates/java/11.0.11.hs-adpt/lib/src.zip!/jdk.localedata" type="simple" />
            <root url="jar://$USER_HOME$/.sdkman/candidates/java/11.0.11.hs-adpt/lib/src.zip!/jdk.management" type="simple" />
            <root url="jar://$USER_HOME$/.sdkman/candidates/java/11.0.11.hs-adpt/lib/src.zip!/jdk.naming.dns" type="simple" />
            <root url="jar://$USER_HOME$/.sdkman/candidates/java/11.0.11.hs-adpt/lib/src.zip!/jdk.naming.rmi" type="simple" />
            <root url="jar://$USER_HOME$/.sdkman/candidates/java/11.0.11.hs-adpt/lib/src.zip!/java.instrument" type="simple" />
            <root url="jar://$USER_HOME$/.sdkman/candidates/java/11.0.11.hs-adpt/lib/src.zip!/java.management" type="simple" />
            <root url="jar://$USER_HOME$/.sdkman/candidates/java/11.0.11.hs-adpt/lib/src.zip!/java.sql.rowset" type="simple" />
            <root url="jar://$USER_HOME$/.sdkman/candidates/java/11.0.11.hs-adpt/lib/src.zip!/java.xml.crypto" type="simple" />
            <root url="jar://$USER_HOME$/.sdkman/candidates/java/11.0.11.hs-adpt/lib/src.zip!/jdk.internal.ed" type="simple" />
            <root url="jar://$USER_HOME$/.sdkman/candidates/java/11.0.11.hs-adpt/lib/src.zip!/jdk.internal.le" type="simple" />
            <root url="jar://$USER_HOME$/.sdkman/candidates/java/11.0.11.hs-adpt/lib/src.zip!/jdk.naming.ldap" type="simple" />
            <root url="jar://$USER_HOME$/.sdkman/candidates/java/11.0.11.hs-adpt/lib/src.zip!/jdk.unsupported" type="simple" />
            <root url="jar://$USER_HOME$/.sdkman/candidates/java/11.0.11.hs-adpt/lib/src.zip!/java.smartcardio" type="simple" />
            <root url="jar://$USER_HOME$/.sdkman/candidates/java/11.0.11.hs-adpt/lib/src.zip!/jdk.internal.opt" type="simple" />
            <root url="jar://$USER_HOME$/.sdkman/candidates/java/11.0.11.hs-adpt/lib/src.zip!/java.datatransfer" type="simple" />
            <root url="jar://$USER_HOME$/.sdkman/candidates/java/11.0.11.hs-adpt/lib/src.zip!/jdk.accessibility" type="simple" />
            <root url="jar://$USER_HOME$/.sdkman/candidates/java/11.0.11.hs-adpt/lib/src.zip!/jdk.hotspot.agent" type="simple" />
            <root url="jar://$USER_HOME$/.sdkman/candidates/java/11.0.11.hs-adpt/lib/src.zip!/jdk.security.auth" type="simple" />
            <root url="jar://$USER_HOME$/.sdkman/candidates/java/11.0.11.hs-adpt/lib/src.zip!/jdk.security.jgss" type="simple" />
            <root url="jar://$USER_HOME$/.sdkman/candidates/java/11.0.11.hs-adpt/lib/src.zip!/java.security.jgss" type="simple" />
            <root url="jar://$USER_HOME$/.sdkman/candidates/java/11.0.11.hs-adpt/lib/src.zip!/java.security.sasl" type="simple" />
            <root url="jar://$USER_HOME$/.sdkman/candidates/java/11.0.11.hs-adpt/lib/src.zip!/jdk.internal.vm.ci" type="simple" />
            <root url="jar://$USER_HOME$/.sdkman/candidates/java/11.0.11.hs-adpt/lib/src.zip!/jdk.management.jfr" type="simple" />
            <root url="jar://$USER_HOME$/.sdkman/candidates/java/11.0.11.hs-adpt/lib/src.zip!/java.management.rmi" type="simple" />
            <root url="jar://$USER_HOME$/.sdkman/candidates/java/11.0.11.hs-adpt/lib/src.zip!/java.transaction.xa" type="simple" />
            <root url="jar://$USER_HOME$/.sdkman/candidates/java/11.0.11.hs-adpt/lib/src.zip!/jdk.crypto.cryptoki" type="simple" />
            <root url="jar://$USER_HOME$/.sdkman/candidates/java/11.0.11.hs-adpt/lib/src.zip!/jdk.internal.jvmstat" type="simple" />
            <root url="jar://$USER_HOME$/.sdkman/candidates/java/11.0.11.hs-adpt/lib/src.zip!/jdk.management.agent" type="simple" />
            <root url="jar://$USER_HOME$/.sdkman/candidates/java/11.0.11.hs-adpt/lib/src.zip!/jdk.scripting.nashorn" type="simple" />
            <root url="jar://$USER_HOME$/.sdkman/candidates/java/11.0.11.hs-adpt/lib/src.zip!/jdk.unsupported.desktop" type="simple" />
            <root url="jar://$USER_HOME$/.sdkman/candidates/java/11.0.11.hs-adpt/lib/src.zip!/jdk.internal.vm.compiler" type="simple" />
            <root url="jar://$USER_HOME$/.sdkman/candidates/java/11.0.11.hs-adpt/lib/src.zip!/jdk.scripting.nashorn.shell" type="simple" />
            <root url="jar://$USER_HOME$/.sdkman/candidates/java/11.0.11.hs-adpt/lib/src.zip!/jdk.internal.vm.compiler.management" type="simple" />
          </root>
        </sourcePath>
      </roots>
      <additional />
    </jdk>
    <jdk version="2">
      <name value="17" />
      <type value="JavaSDK" />
      <version value="version 17" />
      <homePath value="$USER_HOME$/.sdkman/candidates/java/current" />
      <roots>
        <annotationsPath>
          <root type="composite">
            <root url="jar://$APPLICATION_HOME_DIR$/plugins/java/lib/jdkAnnotations.jar!/" type="simple" />
          </root>
        </annotationsPath>
        <classPath>
          <root type="composite">
            <root url="jrt:///Users/do/.sdkman/candidates/java/current!/java.base" type="simple" />
            <root url="jrt:///Users/do/.sdkman/candidates/java/current!/java.compiler" type="simple" />
            <root url="jrt:///Users/do/.sdkman/candidates/java/current!/java.datatransfer" type="simple" />
            <root url="jrt:///Users/do/.sdkman/candidates/java/current!/java.desktop" type="simple" />
            <root url="jrt:///Users/do/.sdkman/candidates/java/current!/java.instrument" type="simple" />
            <root url="jrt:///Users/do/.sdkman/candidates/java/current!/java.logging" type="simple" />
            <root url="jrt:///Users/do/.sdkman/candidates/java/current!/java.management" type="simple" />
            <root url="jrt:///Users/do/.sdkman/candidates/java/current!/java.management.rmi" type="simple" />
            <root url="jrt:///Users/do/.sdkman/candidates/java/current!/java.naming" type="simple" />
            <root url="jrt:///Users/do/.sdkman/candidates/java/current!/java.net.http" type="simple" />
            <root url="jrt:///Users/do/.sdkman/candidates/java/current!/java.prefs" type="simple" />
            <root url="jrt:///Users/do/.sdkman/candidates/java/current!/java.rmi" type="simple" />
            <root url="jrt:///Users/do/.sdkman/candidates/java/current!/java.scripting" type="simple" />
            <root url="jrt:///Users/do/.sdkman/candidates/java/current!/java.se" type="simple" />
            <root url="jrt:///Users/do/.sdkman/candidates/java/current!/java.security.jgss" type="simple" />
            <root url="jrt:///Users/do/.sdkman/candidates/java/current!/java.security.sasl" type="simple" />
            <root url="jrt:///Users/do/.sdkman/candidates/java/current!/java.smartcardio" type="simple" />
            <root url="jrt:///Users/do/.sdkman/candidates/java/current!/java.sql" type="simple" />
            <root url="jrt:///Users/do/.sdkman/candidates/java/current!/java.sql.rowset" type="simple" />
            <root url="jrt:///Users/do/.sdkman/candidates/java/current!/java.transaction.xa" type="simple" />
            <root url="jrt:///Users/do/.sdkman/candidates/java/current!/java.xml" type="simple" />
            <root url="jrt:///Users/do/.sdkman/candidates/java/current!/java.xml.crypto" type="simple" />
            <root url="jrt:///Users/do/.sdkman/candidates/java/current!/jdk.accessibility" type="simple" />
            <root url="jrt:///Users/do/.sdkman/candidates/java/current!/jdk.attach" type="simple" />
            <root url="jrt:///Users/do/.sdkman/candidates/java/current!/jdk.charsets" type="simple" />
            <root url="jrt:///Users/do/.sdkman/candidates/java/current!/jdk.compiler" type="simple" />
            <root url="jrt:///Users/do/.sdkman/candidates/java/current!/jdk.crypto.cryptoki" type="simple" />
            <root url="jrt:///Users/do/.sdkman/candidates/java/current!/jdk.crypto.ec" type="simple" />
            <root url="jrt:///Users/do/.sdkman/candidates/java/current!/jdk.dynalink" type="simple" />
            <root url="jrt:///Users/do/.sdkman/candidates/java/current!/jdk.editpad" type="simple" />
            <root url="jrt:///Users/do/.sdkman/candidates/java/current!/jdk.hotspot.agent" type="simple" />
            <root url="jrt:///Users/do/.sdkman/candidates/java/current!/jdk.httpserver" type="simple" />
            <root url="jrt:///Users/do/.sdkman/candidates/java/current!/jdk.incubator.foreign" type="simple" />
            <root url="jrt:///Users/do/.sdkman/candidates/java/current!/jdk.incubator.vector" type="simple" />
            <root url="jrt:///Users/do/.sdkman/candidates/java/current!/jdk.internal.ed" type="simple" />
            <root url="jrt:///Users/do/.sdkman/candidates/java/current!/jdk.internal.jvmstat" type="simple" />
            <root url="jrt:///Users/do/.sdkman/candidates/java/current!/jdk.internal.le" type="simple" />
            <root url="jrt:///Users/do/.sdkman/candidates/java/current!/jdk.internal.opt" type="simple" />
            <root url="jrt:///Users/do/.sdkman/candidates/java/current!/jdk.internal.vm.ci" type="simple" />
            <root url="jrt:///Users/do/.sdkman/candidates/java/current!/jdk.internal.vm.compiler" type="simple" />
            <root url="jrt:///Users/do/.sdkman/candidates/java/current!/jdk.internal.vm.compiler.management" type="simple" />
            <root url="jrt:///Users/do/.sdkman/candidates/java/current!/jdk.jartool" type="simple" />
            <root url="jrt:///Users/do/.sdkman/candidates/java/current!/jdk.javadoc" type="simple" />
            <root url="jrt:///Users/do/.sdkman/candidates/java/current!/jdk.jcmd" type="simple" />
            <root url="jrt:///Users/do/.sdkman/candidates/java/current!/jdk.jconsole" type="simple" />
            <root url="jrt:///Users/do/.sdkman/candidates/java/current!/jdk.jdeps" type="simple" />
            <root url="jrt:///Users/do/.sdkman/candidates/java/current!/jdk.jdi" type="simple" />
            <root url="jrt:///Users/do/.sdkman/candidates/java/current!/jdk.jdwp.agent" type="simple" />
            <root url="jrt:///Users/do/.sdkman/candidates/java/current!/jdk.jfr" type="simple" />
            <root url="jrt:///Users/do/.sdkman/candidates/java/current!/jdk.jlink" type="simple" />
            <root url="jrt:///Users/do/.sdkman/candidates/java/current!/jdk.jpackage" type="simple" />
            <root url="jrt:///Users/do/.sdkman/candidates/java/current!/jdk.jshell" type="simple" />
            <root url="jrt:///Users/do/.sdkman/candidates/java/current!/jdk.jsobject" type="simple" />
            <root url="jrt:///Users/do/.sdkman/candidates/java/current!/jdk.jstatd" type="simple" />
            <root url="jrt:///Users/do/.sdkman/candidates/java/current!/jdk.localedata" type="simple" />
            <root url="jrt:///Users/do/.sdkman/candidates/java/current!/jdk.management" type="simple" />
            <root url="jrt:///Users/do/.sdkman/candidates/java/current!/jdk.management.agent" type="simple" />
            <root url="jrt:///Users/do/.sdkman/candidates/java/current!/jdk.management.jfr" type="simple" />
            <root url="jrt:///Users/do/.sdkman/candidates/java/current!/jdk.naming.dns" type="simple" />
            <root url="jrt:///Users/do/.sdkman/candidates/java/current!/jdk.naming.rmi" type="simple" />
            <root url="jrt:///Users/do/.sdkman/candidates/java/current!/jdk.net" type="simple" />
            <root url="jrt:///Users/do/.sdkman/candidates/java/current!/jdk.nio.mapmode" type="simple" />
            <root url="jrt:///Users/do/.sdkman/candidates/java/current!/jdk.random" type="simple" />
            <root url="jrt:///Users/do/.sdkman/candidates/java/current!/jdk.sctp" type="simple" />
            <root url="jrt:///Users/do/.sdkman/candidates/java/current!/jdk.security.auth" type="simple" />
            <root url="jrt:///Users/do/.sdkman/candidates/java/current!/jdk.security.jgss" type="simple" />
            <root url="jrt:///Users/do/.sdkman/candidates/java/current!/jdk.unsupported" type="simple" />
            <root url="jrt:///Users/do/.sdkman/candidates/java/current!/jdk.unsupported.desktop" type="simple" />
            <root url="jrt:///Users/do/.sdkman/candidates/java/current!/jdk.xml.dom" type="simple" />
            <root url="jrt:///Users/do/.sdkman/candidates/java/current!/jdk.zipfs" type="simple" />
            <root url="jar://$USER_HOME$/.sdkman/candidates/java/current/jre/lib/charsets.jar!/" type="simple" />
            <root url="jar://$USER_HOME$/.sdkman/candidates/java/current/jre/lib/ext/cldrdata.jar!/" type="simple" />
            <root url="jar://$USER_HOME$/.sdkman/candidates/java/current/jre/lib/ext/dnsns.jar!/" type="simple" />
            <root url="jar://$USER_HOME$/.sdkman/candidates/java/current/jre/lib/ext/jaccess.jar!/" type="simple" />
            <root url="jar://$USER_HOME$/.sdkman/candidates/java/current/jre/lib/ext/jfxrt.jar!/" type="simple" />
            <root url="jar://$USER_HOME$/.sdkman/candidates/java/current/jre/lib/ext/localedata.jar!/" type="simple" />
            <root url="jar://$USER_HOME$/.sdkman/candidates/java/current/jre/lib/ext/nashorn.jar!/" type="simple" />
            <root url="jar://$USER_HOME$/.sdkman/candidates/java/current/jre/lib/ext/sunec.jar!/" type="simple" />
            <root url="jar://$USER_HOME$/.sdkman/candidates/java/current/jre/lib/ext/sunjce_provider.jar!/" type="simple" />
            <root url="jar://$USER_HOME$/.sdkman/candidates/java/current/jre/lib/ext/sunpkcs11.jar!/" type="simple" />
            <root url="jar://$USER_HOME$/.sdkman/candidates/java/current/jre/lib/ext/zipfs.jar!/" type="simple" />
            <root url="jar://$USER_HOME$/.sdkman/candidates/java/current/jre/lib/jce.jar!/" type="simple" />
            <root url="jar://$USER_HOME$/.sdkman/candidates/java/current/jre/lib/jfr.jar!/" type="simple" />
            <root url="jar://$USER_HOME$/.sdkman/candidates/java/current/jre/lib/jfxswt.jar!/" type="simple" />
            <root url="jar://$USER_HOME$/.sdkman/candidates/java/current/jre/lib/jsse.jar!/" type="simple" />
            <root url="jar://$USER_HOME$/.sdkman/candidates/java/current/jre/lib/management-agent.jar!/" type="simple" />
            <root url="jar://$USER_HOME$/.sdkman/candidates/java/current/jre/lib/resources.jar!/" type="simple" />
            <root url="jar://$USER_HOME$/.sdkman/candidates/java/current/jre/lib/rt.jar!/" type="simple" />
            <root url="jar://$USER_HOME$/.sdkman/candidates/java/current/lib/ant-javafx.jar!/" type="simple" />
            <root url="jar://$USER_HOME$/.sdkman/candidates/java/current/lib/dt.jar!/" type="simple" />
            <root url="jar://$USER_HOME$/.sdkman/candidates/java/current/lib/javafx-mx.jar!/" type="simple" />
            <root url="jar://$USER_HOME$/.sdkman/candidates/java/current/lib/jconsole.jar!/" type="simple" />
            <root url="jar://$USER_HOME$/.sdkman/candidates/java/current/lib/packager.jar!/" type="simple" />
            <root url="jar://$USER_HOME$/.sdkman/candidates/java/current/lib/sa-jdi.jar!/" type="simple" />
            <root url="jar://$USER_HOME$/.sdkman/candidates/java/current/lib/tools.jar!/" type="simple" />
            <root url="jrt:///Users/do/.sdkman/candidates/java/current!/jdk.aot" type="simple" />
            <root url="jrt:///Users/do/.sdkman/candidates/java/current!/jdk.naming.ldap" type="simple" />
            <root url="jrt:///Users/do/.sdkman/candidates/java/current!/jdk.pack" type="simple" />
            <root url="jrt:///Users/do/.sdkman/candidates/java/current!/jdk.rmic" type="simple" />
            <root url="jrt:///Users/do/.sdkman/candidates/java/current!/jdk.scripting.nashorn" type="simple" />
            <root url="jrt:///Users/do/.sdkman/candidates/java/current!/jdk.scripting.nashorn.shell" type="simple" />
          </root>
        </classPath>
        <javadocPath>
          <root type="composite" />
        </javadocPath>
        <sourcePath>
          <root type="composite">
            <root url="jar://$USER_HOME$/.sdkman/candidates/java/current/lib/src.zip!/java.se" type="simple" />
            <root url="jar://$USER_HOME$/.sdkman/candidates/java/current/lib/src.zip!/jdk.jdi" type="simple" />
            <root url="jar://$USER_HOME$/.sdkman/candidates/java/current/lib/src.zip!/jdk.jfr" type="simple" />
            <root url="jar://$USER_HOME$/.sdkman/candidates/java/current/lib/src.zip!/jdk.net" type="simple" />
            <root url="jar://$USER_HOME$/.sdkman/candidates/java/current/lib/src.zip!/java.rmi" type="simple" />
            <root url="jar://$USER_HOME$/.sdkman/candidates/java/current/lib/src.zip!/java.sql" type="simple" />
            <root url="jar://$USER_HOME$/.sdkman/candidates/java/current/lib/src.zip!/java.xml" type="simple" />
            <root url="jar://$USER_HOME$/.sdkman/candidates/java/current/lib/src.zip!/jdk.jcmd" type="simple" />
            <root url="jar://$USER_HOME$/.sdkman/candidates/java/current/lib/src.zip!/jdk.sctp" type="simple" />
            <root url="jar://$USER_HOME$/.sdkman/candidates/java/current/lib/src.zip!/java.base" type="simple" />
            <root url="jar://$USER_HOME$/.sdkman/candidates/java/current/lib/src.zip!/jdk.jdeps" type="simple" />
            <root url="jar://$USER_HOME$/.sdkman/candidates/java/current/lib/src.zip!/jdk.jlink" type="simple" />
            <root url="jar://$USER_HOME$/.sdkman/candidates/java/current/lib/src.zip!/jdk.zipfs" type="simple" />
            <root url="jar://$USER_HOME$/.sdkman/candidates/java/current/lib/src.zip!/java.prefs" type="simple" />
            <root url="jar://$USER_HOME$/.sdkman/candidates/java/current/lib/src.zip!/jdk.attach" type="simple" />
            <root url="jar://$USER_HOME$/.sdkman/candidates/java/current/lib/src.zip!/jdk.jshell" type="simple" />
            <root url="jar://$USER_HOME$/.sdkman/candidates/java/current/lib/src.zip!/jdk.jstatd" type="simple" />
            <root url="jar://$USER_HOME$/.sdkman/candidates/java/current/lib/src.zip!/jdk.random" type="simple" />
            <root url="jar://$USER_HOME$/.sdkman/candidates/java/current/lib/src.zip!/java.naming" type="simple" />
            <root url="jar://$USER_HOME$/.sdkman/candidates/java/current/lib/src.zip!/jdk.editpad" type="simple" />
            <root url="jar://$USER_HOME$/.sdkman/candidates/java/current/lib/src.zip!/jdk.jartool" type="simple" />
            <root url="jar://$USER_HOME$/.sdkman/candidates/java/current/lib/src.zip!/jdk.javadoc" type="simple" />
            <root url="jar://$USER_HOME$/.sdkman/candidates/java/current/lib/src.zip!/jdk.xml.dom" type="simple" />
            <root url="jar://$USER_HOME$/.sdkman/candidates/java/current/lib/src.zip!/java.desktop" type="simple" />
            <root url="jar://$USER_HOME$/.sdkman/candidates/java/current/lib/src.zip!/java.logging" type="simple" />
            <root url="jar://$USER_HOME$/.sdkman/candidates/java/current/lib/src.zip!/jdk.charsets" type="simple" />
            <root url="jar://$USER_HOME$/.sdkman/candidates/java/current/lib/src.zip!/jdk.compiler" type="simple" />
            <root url="jar://$USER_HOME$/.sdkman/candidates/java/current/lib/src.zip!/jdk.dynalink" type="simple" />
            <root url="jar://$USER_HOME$/.sdkman/candidates/java/current/lib/src.zip!/jdk.jconsole" type="simple" />
            <root url="jar://$USER_HOME$/.sdkman/candidates/java/current/lib/src.zip!/jdk.jpackage" type="simple" />
            <root url="jar://$USER_HOME$/.sdkman/candidates/java/current/lib/src.zip!/jdk.jsobject" type="simple" />
            <root url="jar://$USER_HOME$/.sdkman/candidates/java/current/lib/src.zip!/java.compiler" type="simple" />
            <root url="jar://$USER_HOME$/.sdkman/candidates/java/current/lib/src.zip!/java.net.http" type="simple" />
            <root url="jar://$USER_HOME$/.sdkman/candidates/java/current/lib/src.zip!/jdk.crypto.ec" type="simple" />
            <root url="jar://$USER_HOME$/.sdkman/candidates/java/current/lib/src.zip!/java.scripting" type="simple" />
            <root url="jar://$USER_HOME$/.sdkman/candidates/java/current/lib/src.zip!/jdk.httpserver" type="simple" />
            <root url="jar://$USER_HOME$/.sdkman/candidates/java/current/lib/src.zip!/jdk.jdwp.agent" type="simple" />
            <root url="jar://$USER_HOME$/.sdkman/candidates/java/current/lib/src.zip!/jdk.localedata" type="simple" />
            <root url="jar://$USER_HOME$/.sdkman/candidates/java/current/lib/src.zip!/jdk.management" type="simple" />
            <root url="jar://$USER_HOME$/.sdkman/candidates/java/current/lib/src.zip!/jdk.naming.dns" type="simple" />
            <root url="jar://$USER_HOME$/.sdkman/candidates/java/current/lib/src.zip!/jdk.naming.rmi" type="simple" />
            <root url="jar://$USER_HOME$/.sdkman/candidates/java/current/lib/src.zip!/java.instrument" type="simple" />
            <root url="jar://$USER_HOME$/.sdkman/candidates/java/current/lib/src.zip!/java.management" type="simple" />
            <root url="jar://$USER_HOME$/.sdkman/candidates/java/current/lib/src.zip!/java.sql.rowset" type="simple" />
            <root url="jar://$USER_HOME$/.sdkman/candidates/java/current/lib/src.zip!/java.xml.crypto" type="simple" />
            <root url="jar://$USER_HOME$/.sdkman/candidates/java/current/lib/src.zip!/jdk.internal.ed" type="simple" />
            <root url="jar://$USER_HOME$/.sdkman/candidates/java/current/lib/src.zip!/jdk.internal.le" type="simple" />
            <root url="jar://$USER_HOME$/.sdkman/candidates/java/current/lib/src.zip!/jdk.nio.mapmode" type="simple" />
            <root url="jar://$USER_HOME$/.sdkman/candidates/java/current/lib/src.zip!/jdk.unsupported" type="simple" />
            <root url="jar://$USER_HOME$/.sdkman/candidates/java/current/lib/src.zip!/java.smartcardio" type="simple" />
            <root url="jar://$USER_HOME$/.sdkman/candidates/java/current/lib/src.zip!/jdk.internal.opt" type="simple" />
            <root url="jar://$USER_HOME$/.sdkman/candidates/java/current/lib/src.zip!/java.datatransfer" type="simple" />
            <root url="jar://$USER_HOME$/.sdkman/candidates/java/current/lib/src.zip!/jdk.accessibility" type="simple" />
            <root url="jar://$USER_HOME$/.sdkman/candidates/java/current/lib/src.zip!/jdk.hotspot.agent" type="simple" />
            <root url="jar://$USER_HOME$/.sdkman/candidates/java/current/lib/src.zip!/jdk.security.auth" type="simple" />
            <root url="jar://$USER_HOME$/.sdkman/candidates/java/current/lib/src.zip!/jdk.security.jgss" type="simple" />
            <root url="jar://$USER_HOME$/.sdkman/candidates/java/current/lib/src.zip!/java.security.jgss" type="simple" />
            <root url="jar://$USER_HOME$/.sdkman/candidates/java/current/lib/src.zip!/java.security.sasl" type="simple" />
            <root url="jar://$USER_HOME$/.sdkman/candidates/java/current/lib/src.zip!/jdk.internal.vm.ci" type="simple" />
            <root url="jar://$USER_HOME$/.sdkman/candidates/java/current/lib/src.zip!/jdk.management.jfr" type="simple" />
            <root url="jar://$USER_HOME$/.sdkman/candidates/java/current/lib/src.zip!/java.management.rmi" type="simple" />
            <root url="jar://$USER_HOME$/.sdkman/candidates/java/current/lib/src.zip!/java.transaction.xa" type="simple" />
            <root url="jar://$USER_HOME$/.sdkman/candidates/java/current/lib/src.zip!/jdk.crypto.cryptoki" type="simple" />
            <root url="jar://$USER_HOME$/.sdkman/candidates/java/current/lib/src.zip!/jdk.incubator.vector" type="simple" />
            <root url="jar://$USER_HOME$/.sdkman/candidates/java/current/lib/src.zip!/jdk.internal.jvmstat" type="simple" />
            <root url="jar://$USER_HOME$/.sdkman/candidates/java/current/lib/src.zip!/jdk.management.agent" type="simple" />
            <root url="jar://$USER_HOME$/.sdkman/candidates/java/current/lib/src.zip!/jdk.incubator.foreign" type="simple" />
            <root url="jar://$USER_HOME$/.sdkman/candidates/java/current/lib/src.zip!/jdk.unsupported.desktop" type="simple" />
            <root url="jar://$USER_HOME$/.sdkman/candidates/java/current/lib/src.zip!/jdk.internal.vm.compiler" type="simple" />
            <root url="jar://$USER_HOME$/.sdkman/candidates/java/current/lib/src.zip!/jdk.internal.vm.compiler.management" type="simple" />
            <root url="jar://$USER_HOME$/.sdkman/candidates/java/current/src.zip!/" type="simple" />
            <root url="jar://$USER_HOME$/.sdkman/candidates/java/current/lib/src.zip!/jdk.aot" type="simple" />
            <root url="jar://$USER_HOME$/.sdkman/candidates/java/current/lib/src.zip!/jdk.pack" type="simple" />
            <root url="jar://$USER_HOME$/.sdkman/candidates/java/current/lib/src.zip!/jdk.rmic" type="simple" />
            <root url="jar://$USER_HOME$/.sdkman/candidates/java/current/lib/src.zip!/jdk.naming.ldap" type="simple" />
            <root url="jar://$USER_HOME$/.sdkman/candidates/java/current/lib/src.zip!/jdk.scripting.nashorn" type="simple" />
            <root url="jar://$USER_HOME$/.sdkman/candidates/java/current/lib/src.zip!/jdk.scripting.nashorn.shell" type="simple" />
          </root>
        </sourcePath>
      </roots>
      <additional />
    </jdk>
    <jdk version="2">
      <name value="17 (2)" />
      <type value="JavaSDK" />
      <version value="version 17" />
      <homePath value="$USER_HOME$/.sdkman/candidates/java/17-open" />
      <roots>
        <annotationsPath>
          <root type="composite">
            <root url="jar://$APPLICATION_HOME_DIR$/plugins/java/lib/jdkAnnotations.jar!/" type="simple" />
          </root>
        </annotationsPath>
        <classPath>
          <root type="composite">
            <root url="jrt:///Users/do/.sdkman/candidates/java/17-open!/java.base" type="simple" />
            <root url="jrt:///Users/do/.sdkman/candidates/java/17-open!/java.compiler" type="simple" />
            <root url="jrt:///Users/do/.sdkman/candidates/java/17-open!/java.datatransfer" type="simple" />
            <root url="jrt:///Users/do/.sdkman/candidates/java/17-open!/java.desktop" type="simple" />
            <root url="jrt:///Users/do/.sdkman/candidates/java/17-open!/java.instrument" type="simple" />
            <root url="jrt:///Users/do/.sdkman/candidates/java/17-open!/java.logging" type="simple" />
            <root url="jrt:///Users/do/.sdkman/candidates/java/17-open!/java.management" type="simple" />
            <root url="jrt:///Users/do/.sdkman/candidates/java/17-open!/java.management.rmi" type="simple" />
            <root url="jrt:///Users/do/.sdkman/candidates/java/17-open!/java.naming" type="simple" />
            <root url="jrt:///Users/do/.sdkman/candidates/java/17-open!/java.net.http" type="simple" />
            <root url="jrt:///Users/do/.sdkman/candidates/java/17-open!/java.prefs" type="simple" />
            <root url="jrt:///Users/do/.sdkman/candidates/java/17-open!/java.rmi" type="simple" />
            <root url="jrt:///Users/do/.sdkman/candidates/java/17-open!/java.scripting" type="simple" />
            <root url="jrt:///Users/do/.sdkman/candidates/java/17-open!/java.se" type="simple" />
            <root url="jrt:///Users/do/.sdkman/candidates/java/17-open!/java.security.jgss" type="simple" />
            <root url="jrt:///Users/do/.sdkman/candidates/java/17-open!/java.security.sasl" type="simple" />
            <root url="jrt:///Users/do/.sdkman/candidates/java/17-open!/java.smartcardio" type="simple" />
            <root url="jrt:///Users/do/.sdkman/candidates/java/17-open!/java.sql" type="simple" />
            <root url="jrt:///Users/do/.sdkman/candidates/java/17-open!/java.sql.rowset" type="simple" />
            <root url="jrt:///Users/do/.sdkman/candidates/java/17-open!/java.transaction.xa" type="simple" />
            <root url="jrt:///Users/do/.sdkman/candidates/java/17-open!/java.xml" type="simple" />
            <root url="jrt:///Users/do/.sdkman/candidates/java/17-open!/java.xml.crypto" type="simple" />
            <root url="jrt:///Users/do/.sdkman/candidates/java/17-open!/jdk.accessibility" type="simple" />
            <root url="jrt:///Users/do/.sdkman/candidates/java/17-open!/jdk.attach" type="simple" />
            <root url="jrt:///Users/do/.sdkman/candidates/java/17-open!/jdk.charsets" type="simple" />
            <root url="jrt:///Users/do/.sdkman/candidates/java/17-open!/jdk.compiler" type="simple" />
            <root url="jrt:///Users/do/.sdkman/candidates/java/17-open!/jdk.crypto.cryptoki" type="simple" />
            <root url="jrt:///Users/do/.sdkman/candidates/java/17-open!/jdk.crypto.ec" type="simple" />
            <root url="jrt:///Users/do/.sdkman/candidates/java/17-open!/jdk.dynalink" type="simple" />
            <root url="jrt:///Users/do/.sdkman/candidates/java/17-open!/jdk.editpad" type="simple" />
            <root url="jrt:///Users/do/.sdkman/candidates/java/17-open!/jdk.hotspot.agent" type="simple" />
            <root url="jrt:///Users/do/.sdkman/candidates/java/17-open!/jdk.httpserver" type="simple" />
            <root url="jrt:///Users/do/.sdkman/candidates/java/17-open!/jdk.incubator.foreign" type="simple" />
            <root url="jrt:///Users/do/.sdkman/candidates/java/17-open!/jdk.incubator.vector" type="simple" />
            <root url="jrt:///Users/do/.sdkman/candidates/java/17-open!/jdk.internal.ed" type="simple" />
            <root url="jrt:///Users/do/.sdkman/candidates/java/17-open!/jdk.internal.jvmstat" type="simple" />
            <root url="jrt:///Users/do/.sdkman/candidates/java/17-open!/jdk.internal.le" type="simple" />
            <root url="jrt:///Users/do/.sdkman/candidates/java/17-open!/jdk.internal.opt" type="simple" />
            <root url="jrt:///Users/do/.sdkman/candidates/java/17-open!/jdk.internal.vm.ci" type="simple" />
            <root url="jrt:///Users/do/.sdkman/candidates/java/17-open!/jdk.internal.vm.compiler" type="simple" />
            <root url="jrt:///Users/do/.sdkman/candidates/java/17-open!/jdk.internal.vm.compiler.management" type="simple" />
            <root url="jrt:///Users/do/.sdkman/candidates/java/17-open!/jdk.jartool" type="simple" />
            <root url="jrt:///Users/do/.sdkman/candidates/java/17-open!/jdk.javadoc" type="simple" />
            <root url="jrt:///Users/do/.sdkman/candidates/java/17-open!/jdk.jcmd" type="simple" />
            <root url="jrt:///Users/do/.sdkman/candidates/java/17-open!/jdk.jconsole" type="simple" />
            <root url="jrt:///Users/do/.sdkman/candidates/java/17-open!/jdk.jdeps" type="simple" />
            <root url="jrt:///Users/do/.sdkman/candidates/java/17-open!/jdk.jdi" type="simple" />
            <root url="jrt:///Users/do/.sdkman/candidates/java/17-open!/jdk.jdwp.agent" type="simple" />
            <root url="jrt:///Users/do/.sdkman/candidates/java/17-open!/jdk.jfr" type="simple" />
            <root url="jrt:///Users/do/.sdkman/candidates/java/17-open!/jdk.jlink" type="simple" />
            <root url="jrt:///Users/do/.sdkman/candidates/java/17-open!/jdk.jpackage" type="simple" />
            <root url="jrt:///Users/do/.sdkman/candidates/java/17-open!/jdk.jshell" type="simple" />
            <root url="jrt:///Users/do/.sdkman/candidates/java/17-open!/jdk.jsobject" type="simple" />
            <root url="jrt:///Users/do/.sdkman/candidates/java/17-open!/jdk.jstatd" type="simple" />
            <root url="jrt:///Users/do/.sdkman/candidates/java/17-open!/jdk.localedata" type="simple" />
            <root url="jrt:///Users/do/.sdkman/candidates/java/17-open!/jdk.management" type="simple" />
            <root url="jrt:///Users/do/.sdkman/candidates/java/17-open!/jdk.management.agent" type="simple" />
            <root url="jrt:///Users/do/.sdkman/candidates/java/17-open!/jdk.management.jfr" type="simple" />
            <root url="jrt:///Users/do/.sdkman/candidates/java/17-open!/jdk.naming.dns" type="simple" />
            <root url="jrt:///Users/do/.sdkman/candidates/java/17-open!/jdk.naming.rmi" type="simple" />
            <root url="jrt:///Users/do/.sdkman/candidates/java/17-open!/jdk.net" type="simple" />
            <root url="jrt:///Users/do/.sdkman/candidates/java/17-open!/jdk.nio.mapmode" type="simple" />
            <root url="jrt:///Users/do/.sdkman/candidates/java/17-open!/jdk.random" type="simple" />
            <root url="jrt:///Users/do/.sdkman/candidates/java/17-open!/jdk.sctp" type="simple" />
            <root url="jrt:///Users/do/.sdkman/candidates/java/17-open!/jdk.security.auth" type="simple" />
            <root url="jrt:///Users/do/.sdkman/candidates/java/17-open!/jdk.security.jgss" type="simple" />
            <root url="jrt:///Users/do/.sdkman/candidates/java/17-open!/jdk.unsupported" type="simple" />
            <root url="jrt:///Users/do/.sdkman/candidates/java/17-open!/jdk.unsupported.desktop" type="simple" />
            <root url="jrt:///Users/do/.sdkman/candidates/java/17-open!/jdk.xml.dom" type="simple" />
            <root url="jrt:///Users/do/.sdkman/candidates/java/17-open!/jdk.zipfs" type="simple" />
          </root>
        </classPath>
        <javadocPath>
          <root type="composite" />
        </javadocPath>
        <sourcePath>
          <root type="composite">
            <root url="jar://$USER_HOME$/.sdkman/candidates/java/17-open/lib/src.zip!/java.se" type="simple" />
            <root url="jar://$USER_HOME$/.sdkman/candidates/java/17-open/lib/src.zip!/jdk.jdi" type="simple" />
            <root url="jar://$USER_HOME$/.sdkman/candidates/java/17-open/lib/src.zip!/jdk.jfr" type="simple" />
            <root url="jar://$USER_HOME$/.sdkman/candidates/java/17-open/lib/src.zip!/jdk.net" type="simple" />
            <root url="jar://$USER_HOME$/.sdkman/candidates/java/17-open/lib/src.zip!/java.rmi" type="simple" />
            <root url="jar://$USER_HOME$/.sdkman/candidates/java/17-open/lib/src.zip!/java.sql" type="simple" />
            <root url="jar://$USER_HOME$/.sdkman/candidates/java/17-open/lib/src.zip!/java.xml" type="simple" />
            <root url="jar://$USER_HOME$/.sdkman/candidates/java/17-open/lib/src.zip!/jdk.jcmd" type="simple" />
            <root url="jar://$USER_HOME$/.sdkman/candidates/java/17-open/lib/src.zip!/jdk.sctp" type="simple" />
            <root url="jar://$USER_HOME$/.sdkman/candidates/java/17-open/lib/src.zip!/java.base" type="simple" />
            <root url="jar://$USER_HOME$/.sdkman/candidates/java/17-open/lib/src.zip!/jdk.jdeps" type="simple" />
            <root url="jar://$USER_HOME$/.sdkman/candidates/java/17-open/lib/src.zip!/jdk.jlink" type="simple" />
            <root url="jar://$USER_HOME$/.sdkman/candidates/java/17-open/lib/src.zip!/jdk.zipfs" type="simple" />
            <root url="jar://$USER_HOME$/.sdkman/candidates/java/17-open/lib/src.zip!/java.prefs" type="simple" />
            <root url="jar://$USER_HOME$/.sdkman/candidates/java/17-open/lib/src.zip!/jdk.attach" type="simple" />
            <root url="jar://$USER_HOME$/.sdkman/candidates/java/17-open/lib/src.zip!/jdk.jshell" type="simple" />
            <root url="jar://$USER_HOME$/.sdkman/candidates/java/17-open/lib/src.zip!/jdk.jstatd" type="simple" />
            <root url="jar://$USER_HOME$/.sdkman/candidates/java/17-open/lib/src.zip!/jdk.random" type="simple" />
            <root url="jar://$USER_HOME$/.sdkman/candidates/java/17-open/lib/src.zip!/java.naming" type="simple" />
            <root url="jar://$USER_HOME$/.sdkman/candidates/java/17-open/lib/src.zip!/jdk.editpad" type="simple" />
            <root url="jar://$USER_HOME$/.sdkman/candidates/java/17-open/lib/src.zip!/jdk.jartool" type="simple" />
            <root url="jar://$USER_HOME$/.sdkman/candidates/java/17-open/lib/src.zip!/jdk.javadoc" type="simple" />
            <root url="jar://$USER_HOME$/.sdkman/candidates/java/17-open/lib/src.zip!/jdk.xml.dom" type="simple" />
            <root url="jar://$USER_HOME$/.sdkman/candidates/java/17-open/lib/src.zip!/java.desktop" type="simple" />
            <root url="jar://$USER_HOME$/.sdkman/candidates/java/17-open/lib/src.zip!/java.logging" type="simple" />
            <root url="jar://$USER_HOME$/.sdkman/candidates/java/17-open/lib/src.zip!/jdk.charsets" type="simple" />
            <root url="jar://$USER_HOME$/.sdkman/candidates/java/17-open/lib/src.zip!/jdk.compiler" type="simple" />
            <root url="jar://$USER_HOME$/.sdkman/candidates/java/17-open/lib/src.zip!/jdk.dynalink" type="simple" />
            <root url="jar://$USER_HOME$/.sdkman/candidates/java/17-open/lib/src.zip!/jdk.jconsole" type="simple" />
            <root url="jar://$USER_HOME$/.sdkman/candidates/java/17-open/lib/src.zip!/jdk.jpackage" type="simple" />
            <root url="jar://$USER_HOME$/.sdkman/candidates/java/17-open/lib/src.zip!/jdk.jsobject" type="simple" />
            <root url="jar://$USER_HOME$/.sdkman/candidates/java/17-open/lib/src.zip!/java.compiler" type="simple" />
            <root url="jar://$USER_HOME$/.sdkman/candidates/java/17-open/lib/src.zip!/java.net.http" type="simple" />
            <root url="jar://$USER_HOME$/.sdkman/candidates/java/17-open/lib/src.zip!/jdk.crypto.ec" type="simple" />
            <root url="jar://$USER_HOME$/.sdkman/candidates/java/17-open/lib/src.zip!/java.scripting" type="simple" />
            <root url="jar://$USER_HOME$/.sdkman/candidates/java/17-open/lib/src.zip!/jdk.httpserver" type="simple" />
            <root url="jar://$USER_HOME$/.sdkman/candidates/java/17-open/lib/src.zip!/jdk.jdwp.agent" type="simple" />
            <root url="jar://$USER_HOME$/.sdkman/candidates/java/17-open/lib/src.zip!/jdk.localedata" type="simple" />
            <root url="jar://$USER_HOME$/.sdkman/candidates/java/17-open/lib/src.zip!/jdk.management" type="simple" />
            <root url="jar://$USER_HOME$/.sdkman/candidates/java/17-open/lib/src.zip!/jdk.naming.dns" type="simple" />
            <root url="jar://$USER_HOME$/.sdkman/candidates/java/17-open/lib/src.zip!/jdk.naming.rmi" type="simple" />
            <root url="jar://$USER_HOME$/.sdkman/candidates/java/17-open/lib/src.zip!/java.instrument" type="simple" />
            <root url="jar://$USER_HOME$/.sdkman/candidates/java/17-open/lib/src.zip!/java.management" type="simple" />
            <root url="jar://$USER_HOME$/.sdkman/candidates/java/17-open/lib/src.zip!/java.sql.rowset" type="simple" />
            <root url="jar://$USER_HOME$/.sdkman/candidates/java/17-open/lib/src.zip!/java.xml.crypto" type="simple" />
            <root url="jar://$USER_HOME$/.sdkman/candidates/java/17-open/lib/src.zip!/jdk.internal.ed" type="simple" />
            <root url="jar://$USER_HOME$/.sdkman/candidates/java/17-open/lib/src.zip!/jdk.internal.le" type="simple" />
            <root url="jar://$USER_HOME$/.sdkman/candidates/java/17-open/lib/src.zip!/jdk.nio.mapmode" type="simple" />
            <root url="jar://$USER_HOME$/.sdkman/candidates/java/17-open/lib/src.zip!/jdk.unsupported" type="simple" />
            <root url="jar://$USER_HOME$/.sdkman/candidates/java/17-open/lib/src.zip!/java.smartcardio" type="simple" />
            <root url="jar://$USER_HOME$/.sdkman/candidates/java/17-open/lib/src.zip!/jdk.internal.opt" type="simple" />
            <root url="jar://$USER_HOME$/.sdkman/candidates/java/17-open/lib/src.zip!/java.datatransfer" type="simple" />
            <root url="jar://$USER_HOME$/.sdkman/candidates/java/17-open/lib/src.zip!/jdk.accessibility" type="simple" />
            <root url="jar://$USER_HOME$/.sdkman/candidates/java/17-open/lib/src.zip!/jdk.hotspot.agent" type="simple" />
            <root url="jar://$USER_HOME$/.sdkman/candidates/java/17-open/lib/src.zip!/jdk.security.auth" type="simple" />
            <root url="jar://$USER_HOME$/.sdkman/candidates/java/17-open/lib/src.zip!/jdk.security.jgss" type="simple" />
            <root url="jar://$USER_HOME$/.sdkman/candidates/java/17-open/lib/src.zip!/java.security.jgss" type="simple" />
            <root url="jar://$USER_HOME$/.sdkman/candidates/java/17-open/lib/src.zip!/java.security.sasl" type="simple" />
            <root url="jar://$USER_HOME$/.sdkman/candidates/java/17-open/lib/src.zip!/jdk.internal.vm.ci" type="simple" />
            <root url="jar://$USER_HOME$/.sdkman/candidates/java/17-open/lib/src.zip!/jdk.management.jfr" type="simple" />
            <root url="jar://$USER_HOME$/.sdkman/candidates/java/17-open/lib/src.zip!/java.management.rmi" type="simple" />
            <root url="jar://$USER_HOME$/.sdkman/candidates/java/17-open/lib/src.zip!/java.transaction.xa" type="simple" />
            <root url="jar://$USER_HOME$/.sdkman/candidates/java/17-open/lib/src.zip!/jdk.crypto.cryptoki" type="simple" />
            <root url="jar://$USER_HOME$/.sdkman/candidates/java/17-open/lib/src.zip!/jdk.incubator.vector" type="simple" />
            <root url="jar://$USER_HOME$/.sdkman/candidates/java/17-open/lib/src.zip!/jdk.internal.jvmstat" type="simple" />
            <root url="jar://$USER_HOME$/.sdkman/candidates/java/17-open/lib/src.zip!/jdk.management.agent" type="simple" />
            <root url="jar://$USER_HOME$/.sdkman/candidates/java/17-open/lib/src.zip!/jdk.incubator.foreign" type="simple" />
            <root url="jar://$USER_HOME$/.sdkman/candidates/java/17-open/lib/src.zip!/jdk.unsupported.desktop" type="simple" />
            <root url="jar://$USER_HOME$/.sdkman/candidates/java/17-open/lib/src.zip!/jdk.internal.vm.compiler" type="simple" />
            <root url="jar://$USER_HOME$/.sdkman/candidates/java/17-open/lib/src.zip!/jdk.internal.vm.compiler.management" type="simple" />
          </root>
        </sourcePath>
      </roots>
      <additional />
    </jdk>
    <jdk version="2">
      <name value="1.8" />
      <type value="JavaSDK" />
      <version value="version 1.8.0_332" />
      <homePath value="$USER_HOME$/.sdkman/candidates/java/8.0.332.fx-librca" />
      <roots>
        <annotationsPath>
          <root type="composite">
            <root url="jar://$APPLICATION_HOME_DIR$/plugins/java/lib/jdkAnnotations.jar!/" type="simple" />
          </root>
        </annotationsPath>
        <classPath>
          <root type="composite">
            <root url="jar://$USER_HOME$/.sdkman/candidates/java/8.0.332.fx-librca/jre/lib/charsets.jar!/" type="simple" />
            <root url="jar://$USER_HOME$/.sdkman/candidates/java/8.0.332.fx-librca/jre/lib/ext/cldrdata.jar!/" type="simple" />
            <root url="jar://$USER_HOME$/.sdkman/candidates/java/8.0.332.fx-librca/jre/lib/ext/dnsns.jar!/" type="simple" />
            <root url="jar://$USER_HOME$/.sdkman/candidates/java/8.0.332.fx-librca/jre/lib/ext/jaccess.jar!/" type="simple" />
            <root url="jar://$USER_HOME$/.sdkman/candidates/java/8.0.332.fx-librca/jre/lib/ext/jfxrt.jar!/" type="simple" />
            <root url="jar://$USER_HOME$/.sdkman/candidates/java/8.0.332.fx-librca/jre/lib/ext/localedata.jar!/" type="simple" />
            <root url="jar://$USER_HOME$/.sdkman/candidates/java/8.0.332.fx-librca/jre/lib/ext/nashorn.jar!/" type="simple" />
            <root url="jar://$USER_HOME$/.sdkman/candidates/java/8.0.332.fx-librca/jre/lib/ext/sunec.jar!/" type="simple" />
            <root url="jar://$USER_HOME$/.sdkman/candidates/java/8.0.332.fx-librca/jre/lib/ext/sunjce_provider.jar!/" type="simple" />
            <root url="jar://$USER_HOME$/.sdkman/candidates/java/8.0.332.fx-librca/jre/lib/ext/sunpkcs11.jar!/" type="simple" />
            <root url="jar://$USER_HOME$/.sdkman/candidates/java/8.0.332.fx-librca/jre/lib/ext/zipfs.jar!/" type="simple" />
            <root url="jar://$USER_HOME$/.sdkman/candidates/java/8.0.332.fx-librca/jre/lib/jce.jar!/" type="simple" />
            <root url="jar://$USER_HOME$/.sdkman/candidates/java/8.0.332.fx-librca/jre/lib/jfr.jar!/" type="simple" />
            <root url="jar://$USER_HOME$/.sdkman/candidates/java/8.0.332.fx-librca/jre/lib/jfxswt.jar!/" type="simple" />
            <root url="jar://$USER_HOME$/.sdkman/candidates/java/8.0.332.fx-librca/jre/lib/jsse.jar!/" type="simple" />
            <root url="jar://$USER_HOME$/.sdkman/candidates/java/8.0.332.fx-librca/jre/lib/management-agent.jar!/" type="simple" />
            <root url="jar://$USER_HOME$/.sdkman/candidates/java/8.0.332.fx-librca/jre/lib/resources.jar!/" type="simple" />
            <root url="jar://$USER_HOME$/.sdkman/candidates/java/8.0.332.fx-librca/jre/lib/rt.jar!/" type="simple" />
            <root url="jar://$USER_HOME$/.sdkman/candidates/java/8.0.332.fx-librca/lib/ant-javafx.jar!/" type="simple" />
            <root url="jar://$USER_HOME$/.sdkman/candidates/java/8.0.332.fx-librca/lib/dt.jar!/" type="simple" />
            <root url="jar://$USER_HOME$/.sdkman/candidates/java/8.0.332.fx-librca/lib/javafx-mx.jar!/" type="simple" />
            <root url="jar://$USER_HOME$/.sdkman/candidates/java/8.0.332.fx-librca/lib/jconsole.jar!/" type="simple" />
            <root url="jar://$USER_HOME$/.sdkman/candidates/java/8.0.332.fx-librca/lib/packager.jar!/" type="simple" />
            <root url="jar://$USER_HOME$/.sdkman/candidates/java/8.0.332.fx-librca/lib/sa-jdi.jar!/" type="simple" />
            <root url="jar://$USER_HOME$/.sdkman/candidates/java/8.0.332.fx-librca/lib/tools.jar!/" type="simple" />
          </root>
        </classPath>
        <javadocPath>
          <root type="composite" />
        </javadocPath>
        <sourcePath>
          <root type="composite">
            <root url="jar://$USER_HOME$/.sdkman/candidates/java/8.0.332.fx-librca/src.zip!/" type="simple" />
          </root>
        </sourcePath>
      </roots>
      <additional />
    </jdk>
  </component>
</application>